{
  "products": [
    {
      "id": 1,
      "productName": "Chai",
      "supplierID": 1,
      "categoryID": 1,
      "quantityPerUnit": "10 boxes x 20 bags",
      "unitPrice": 18,
      "unitsInStock": 39,
      "unitsOnOrder": 0,
      "reorderLevel": 10,
      "discontinued": false,
      "category": {
        "categoryID": 1,
        "categoryName": "Beverages",
        "description": "Soft drinks, coffees, teas, beers, and ales"
      },
      "orderDetails": null,
      "supplier": {
        "supplierID": 1,
        "companyName": "Exotic Liquids",
        "contactName": "Charlotte Cooper",
        "contactTitle": "Purchasing Manager",
        "address": "49 Gilbert St.",
        "city": "London",
        "region": null,
        "postalCode": "EC1 4SD",
        "country": "UK",
        "phone": "(171) 555-2222",
        "fax": null,
        "homePage": null
      }
    },
    {
      "id": 2,
      "productName": "Chang",
      "supplierID": 1,
      "categoryID": 1,
      "quantityPerUnit": "24 - 12 oz bottles",
      "unitPrice": 19,
      "unitsInStock": 17,
      "unitsOnOrder": 40,
      "reorderLevel": 25,
      "discontinued": false,
      "category": {
        "categoryID": 1,
        "categoryName": "Beverages",
        "description": "Soft drinks, coffees, teas, beers, and ales"
      },
      "orderDetails": null,
      "supplier": {
        "supplierID": 1,
        "companyName": "Exotic Liquids",
        "contactName": "Charlotte Cooper",
        "contactTitle": "Purchasing Manager",
        "address": "49 Gilbert St.",
        "city": "London",
        "region": null,
        "postalCode": "EC1 4SD",
        "country": "UK",
        "phone": "(171) 555-2222",
        "fax": null,
        "homePage": null
      }
    },
    {
      "id": 3,
      "productName": "Aniseed Syrup",
      "supplierID": 1,
      "categoryID": 2,
      "quantityPerUnit": "12 - 550 ml bottles",
      "unitPrice": 10,
      "unitsInStock": 13,
      "unitsOnOrder": 70,
      "reorderLevel": 25,
      "discontinued": false,
      "category": {
        "categoryID": 2,
        "categoryName": "Condiments",
        "description": "Sweet and savory sauces, relishes, spreads, and seasonings"
      },
      "orderDetails": null,
      "supplier": {
        "supplierID": 1,
        "companyName": "Exotic Liquids",
        "contactName": "Charlotte Cooper",
        "contactTitle": "Purchasing Manager",
        "address": "49 Gilbert St.",
        "city": "London",
        "region": null,
        "postalCode": "EC1 4SD",
        "country": "UK",
        "phone": "(171) 555-2222",
        "fax": null,
        "homePage": null
      }
    },
    {
      "id": 4,
      "productName": "Chef Anton's Cajun Seasoning",
      "supplierID": 2,
      "categoryID": 2,
      "quantityPerUnit": "48 - 6 oz jars",
      "unitPrice": 22,
      "unitsInStock": 53,
      "unitsOnOrder": 0,
      "reorderLevel": 0,
      "discontinued": false,
      "category": {
        "categoryID": 2,
        "categoryName": "Condiments",
        "description": "Sweet and savory sauces, relishes, spreads, and seasonings"
      },
      "orderDetails": null,
      "supplier": {
        "supplierID": 2,
        "companyName": "New Orleans Cajun Delights",
        "contactName": "Shelley Burke",
        "contactTitle": "Order Administrator",
        "address": "P.O. Box 78934",
        "city": "New Orleans",
        "region": "LA",
        "postalCode": "70117",
        "country": "USA",
        "phone": "(100) 555-4822",
        "fax": null,
        "homePage": "#CAJUN.HTM#"
      }
    },
    {
      "id": 5,
      "productName": "Chef Anton's Gumbo Mix",
      "supplierID": 2,
      "categoryID": 2,
      "quantityPerUnit": "36 boxes",
      "unitPrice": 21.35,
      "unitsInStock": 0,
      "unitsOnOrder": 0,
      "reorderLevel": 0,
      "discontinued": true,
      "category": {
        "categoryID": 2,
        "categoryName": "Condiments",
        "description": "Sweet and savory sauces, relishes, spreads, and seasonings"
      },
      "orderDetails": null,
      "supplier": {
        "supplierID": 2,
        "companyName": "New Orleans Cajun Delights",
        "contactName": "Shelley Burke",
        "contactTitle": "Order Administrator",
        "address": "P.O. Box 78934",
        "city": "New Orleans",
        "region": "LA",
        "postalCode": "70117",
        "country": "USA",
        "phone": "(100) 555-4822",
        "fax": null,
        "homePage": "#CAJUN.HTM#"
      }
    },
    {
      "id": 6,
      "productName": "Grandma's Boysenberry Spread",
      "supplierID": 3,
      "categoryID": 2,
      "quantityPerUnit": "12 - 8 oz jars",
      "unitPrice": 25,
      "unitsInStock": 120,
      "unitsOnOrder": 0,
      "reorderLevel": 25,
      "discontinued": false,
      "category": {
        "categoryID": 2,
        "categoryName": "Condiments",
        "description": "Sweet and savory sauces, relishes, spreads, and seasonings"
      },
      "orderDetails": null,
      "supplier": {
        "supplierID": 3,
        "companyName": "Grandma Kelly's Homestead",
        "contactName": "Regina Murphy",
        "contactTitle": "Sales Representative",
        "address": "707 Oxford Rd.",
        "city": "Ann Arbor",
        "region": "MI",
        "postalCode": "48104",
        "country": "USA",
        "phone": "(313) 555-5735",
        "fax": "(313) 555-3349",
        "homePage": null
      }
    },
    {
      "id": 8,
      "productName": "Northwoods Cranberry Sauce",
      "supplierID": 3,
      "categoryID": 2,
      "quantityPerUnit": "12 - 12 oz jars",
      "unitPrice": 40,
      "unitsInStock": 6,
      "unitsOnOrder": 0,
      "reorderLevel": 0,
      "discontinued": false,
      "category": {
        "categoryID": 2,
        "categoryName": "Condiments",
        "description": "Sweet and savory sauces, relishes, spreads, and seasonings"
      },
      "orderDetails": null,
      "supplier": {
        "supplierID": 3,
        "companyName": "Grandma Kelly's Homestead",
        "contactName": "Regina Murphy",
        "contactTitle": "Sales Representative",
        "address": "707 Oxford Rd.",
        "city": "Ann Arbor",
        "region": "MI",
        "postalCode": "48104",
        "country": "USA",
        "phone": "(313) 555-5735",
        "fax": "(313) 555-3349",
        "homePage": null
      }
    },
    {
      "id": 9,
      "productName": "Mishi Kobe Niku",
      "supplierID": 4,
      "categoryID": 6,
      "quantityPerUnit": "18 - 500 g pkgs.",
      "unitPrice": 97,
      "unitsInStock": 29,
      "unitsOnOrder": 0,
      "reorderLevel": 0,
      "discontinued": true,
      "category": {
        "categoryID": 6,
        "categoryName": "Meat/Poultry",
        "description": "Prepared meats"
      },
      "orderDetails": null,
      "supplier": {
        "supplierID": 4,
        "companyName": "Tokyo Traders",
        "contactName": "Yoshi Nagase",
        "contactTitle": "Marketing Manager",
        "address": "9-8 Sekimai Musashino-shi",
        "city": "Tokyo",
        "region": null,
        "postalCode": "100",
        "country": "Japan",
        "phone": "(03) 3555-5011",
        "fax": null,
        "homePage": null
      }
    },
    {
      "id": 10,
      "productName": "Ikura",
      "supplierID": 4,
      "categoryID": 8,
      "quantityPerUnit": "12 - 200 ml jars",
      "unitPrice": 31,
      "unitsInStock": 31,
      "unitsOnOrder": 0,
      "reorderLevel": 0,
      "discontinued": false,
      "category": {
        "categoryID": 8,
        "categoryName": "Seafood",
        "description": "Seaweed and fish"
      },
      "orderDetails": null,
      "supplier": {
        "supplierID": 4,
        "companyName": "Tokyo Traders",
        "contactName": "Yoshi Nagase",
        "contactTitle": "Marketing Manager",
        "address": "9-8 Sekimai Musashino-shi",
        "city": "Tokyo",
        "region": null,
        "postalCode": "100",
        "country": "Japan",
        "phone": "(03) 3555-5011",
        "fax": null,
        "homePage": null
      }
    },
    {
      "id": 11,
      "productName": "Queso Cabrales",
      "supplierID": 5,
      "categoryID": 4,
      "quantityPerUnit": "1 kg pkg.",
      "unitPrice": 21,
      "unitsInStock": 22,
      "unitsOnOrder": 30,
      "reorderLevel": 30,
      "discontinued": false,
      "category": {
        "categoryID": 4,
        "categoryName": "Dairy Products",
        "description": "Cheeses"
      },
      "orderDetails": null,
      "supplier": {
        "supplierID": 5,
        "companyName": "Cooperativa de Quesos 'Las Cabras'",
        "contactName": "Antonio del Valle Saavedra",
        "contactTitle": "Export Administrator",
        "address": "Calle del Rosal 4",
        "city": "Oviedo",
        "region": "Asturias",
        "postalCode": "33007",
        "country": "Spain",
        "phone": "(98) 598 76 54",
        "fax": null,
        "homePage": null
      }
    },
    {
      "id": 12,
      "productName": "Queso Manchego La Pastora",
      "supplierID": 5,
      "categoryID": 4,
      "quantityPerUnit": "10 - 500 g pkgs.",
      "unitPrice": 38,
      "unitsInStock": 86,
      "unitsOnOrder": 0,
      "reorderLevel": 0,
      "discontinued": false,
      "category": {
        "categoryID": 4,
        "categoryName": "Dairy Products",
        "description": "Cheeses"
      },
      "orderDetails": null,
      "supplier": {
        "supplierID": 5,
        "companyName": "Cooperativa de Quesos 'Las Cabras'",
        "contactName": "Antonio del Valle Saavedra",
        "contactTitle": "Export Administrator",
        "address": "Calle del Rosal 4",
        "city": "Oviedo",
        "region": "Asturias",
        "postalCode": "33007",
        "country": "Spain",
        "phone": "(98) 598 76 54",
        "fax": null,
        "homePage": null
      }
    },
    {
      "id": 13,
      "productName": "Konbu",
      "supplierID": 6,
      "categoryID": 8,
      "quantityPerUnit": "2 kg box",
      "unitPrice": 6,
      "unitsInStock": 24,
      "unitsOnOrder": 0,
      "reorderLevel": 5,
      "discontinued": false,
      "category": {
        "categoryID": 8,
        "categoryName": "Seafood",
        "description": "Seaweed and fish"
      },
      "orderDetails": null,
      "supplier": {
        "supplierID": 6,
        "companyName": "Mayumi's",
        "contactName": "Mayumi Ohno",
        "contactTitle": "Marketing Representative",
        "address": "92 Setsuko Chuo-ku",
        "city": "Osaka",
        "region": null,
        "postalCode": "545",
        "country": "Japan",
        "phone": "(06) 431-7877",
        "fax": null,
        "homePage": "Mayumi's (on the World Wide Web)#http://www.microsoft.com/accessdev/sampleapps/mayumi.htm#"
      }
    },
    {
      "id": 14,
      "productName": "Tofu",
      "supplierID": 6,
      "categoryID": 7,
      "quantityPerUnit": "40 - 100 g pkgs.",
      "unitPrice": 23.25,
      "unitsInStock": 35,
      "unitsOnOrder": 0,
      "reorderLevel": 0,
      "discontinued": false,
      "category": {
        "categoryID": 7,
        "categoryName": "Produce",
        "description": "Dried fruit and bean curd"
      },
      "orderDetails": null,
      "supplier": {
        "supplierID": 6,
        "companyName": "Mayumi's",
        "contactName": "Mayumi Ohno",
        "contactTitle": "Marketing Representative",
        "address": "92 Setsuko Chuo-ku",
        "city": "Osaka",
        "region": null,
        "postalCode": "545",
        "country": "Japan",
        "phone": "(06) 431-7877",
        "fax": null,
        "homePage": "Mayumi's (on the World Wide Web)#http://www.microsoft.com/accessdev/sampleapps/mayumi.htm#"
      }
    },
    {
      "id": 15,
      "productName": "Genen Shouyu",
      "supplierID": 6,
      "categoryID": 2,
      "quantityPerUnit": "24 - 250 ml bottles",
      "unitPrice": 15.5,
      "unitsInStock": 39,
      "unitsOnOrder": 0,
      "reorderLevel": 5,
      "discontinued": false,
      "category": {
        "categoryID": 2,
        "categoryName": "Condiments",
        "description": "Sweet and savory sauces, relishes, spreads, and seasonings"
      },
      "orderDetails": null,
      "supplier": {
        "supplierID": 6,
        "companyName": "Mayumi's",
        "contactName": "Mayumi Ohno",
        "contactTitle": "Marketing Representative",
        "address": "92 Setsuko Chuo-ku",
        "city": "Osaka",
        "region": null,
        "postalCode": "545",
        "country": "Japan",
        "phone": "(06) 431-7877",
        "fax": null,
        "homePage": "Mayumi's (on the World Wide Web)#http://www.microsoft.com/accessdev/sampleapps/mayumi.htm#"
      }
    },
    {
      "id": 16,
      "productName": "Pavlova",
      "supplierID": 7,
      "categoryID": 3,
      "quantityPerUnit": "32 - 500 g boxes",
      "unitPrice": 17.45,
      "unitsInStock": 29,
      "unitsOnOrder": 0,
      "reorderLevel": 10,
      "discontinued": false,
      "category": {
        "categoryID": 3,
        "categoryName": "Confections",
        "description": "Desserts, candies, and sweet breads"
      },
      "orderDetails": null,
      "supplier": {
        "supplierID": 7,
        "companyName": "Pavlova, Ltd.",
        "contactName": "Ian Devling",
        "contactTitle": "Marketing Manager",
        "address": "74 Rose St. Moonie Ponds",
        "city": "Melbourne",
        "region": "Victoria",
        "postalCode": "3058",
        "country": "Australia",
        "phone": "(03) 444-2343",
        "fax": "(03) 444-6588",
        "homePage": null
      }
    },
    {
      "id": 17,
      "productName": "Alice Mutton",
      "supplierID": 7,
      "categoryID": 6,
      "quantityPerUnit": "20 - 1 kg tins",
      "unitPrice": 39,
      "unitsInStock": 0,
      "unitsOnOrder": 0,
      "reorderLevel": 0,
      "discontinued": true,
      "category": {
        "categoryID": 6,
        "categoryName": "Meat/Poultry",
        "description": "Prepared meats"
      },
      "orderDetails": null,
      "supplier": {
        "supplierID": 7,
        "companyName": "Pavlova, Ltd.",
        "contactName": "Ian Devling",
        "contactTitle": "Marketing Manager",
        "address": "74 Rose St. Moonie Ponds",
        "city": "Melbourne",
        "region": "Victoria",
        "postalCode": "3058",
        "country": "Australia",
        "phone": "(03) 444-2343",
        "fax": "(03) 444-6588",
        "homePage": null
      }
    },
    {
      "id": 18,
      "productName": "Carnarvon Tigers",
      "supplierID": 7,
      "categoryID": 8,
      "quantityPerUnit": "16 kg pkg.",
      "unitPrice": 62.5,
      "unitsInStock": 42,
      "unitsOnOrder": 0,
      "reorderLevel": 0,
      "discontinued": false,
      "category": {
        "categoryID": 8,
        "categoryName": "Seafood",
        "description": "Seaweed and fish"
      },
      "orderDetails": null,
      "supplier": {
        "supplierID": 7,
        "companyName": "Pavlova, Ltd.",
        "contactName": "Ian Devling",
        "contactTitle": "Marketing Manager",
        "address": "74 Rose St. Moonie Ponds",
        "city": "Melbourne",
        "region": "Victoria",
        "postalCode": "3058",
        "country": "Australia",
        "phone": "(03) 444-2343",
        "fax": "(03) 444-6588",
        "homePage": null
      }
    },
    {
      "id": 19,
      "productName": "Teatime Chocolate Biscuits",
      "supplierID": 8,
      "categoryID": 3,
      "quantityPerUnit": "10 boxes x 12 pieces",
      "unitPrice": 9.2,
      "unitsInStock": 25,
      "unitsOnOrder": 0,
      "reorderLevel": 5,
      "discontinued": false,
      "category": {
        "categoryID": 3,
        "categoryName": "Confections",
        "description": "Desserts, candies, and sweet breads"
      },
      "orderDetails": null,
      "supplier": {
        "supplierID": 8,
        "companyName": "Specialty Biscuits, Ltd.",
        "contactName": "Peter Wilson",
        "contactTitle": "Sales Representative",
        "address": "29 King's Way",
        "city": "Manchester",
        "region": null,
        "postalCode": "M14 GSD",
        "country": "UK",
        "phone": "(161) 555-4448",
        "fax": null,
        "homePage": null
      }
    },
    {
      "id": 20,
      "productName": "Sir Rodney's Marmalade",
      "supplierID": 8,
      "categoryID": 3,
      "quantityPerUnit": "30 gift boxes",
      "unitPrice": 81,
      "unitsInStock": 40,
      "unitsOnOrder": 0,
      "reorderLevel": 0,
      "discontinued": false,
      "category": {
        "categoryID": 3,
        "categoryName": "Confections",
        "description": "Desserts, candies, and sweet breads"
      },
      "orderDetails": null,
      "supplier": {
        "supplierID": 8,
        "companyName": "Specialty Biscuits, Ltd.",
        "contactName": "Peter Wilson",
        "contactTitle": "Sales Representative",
        "address": "29 King's Way",
        "city": "Manchester",
        "region": null,
        "postalCode": "M14 GSD",
        "country": "UK",
        "phone": "(161) 555-4448",
        "fax": null,
        "homePage": null
      }
    },
    {
      "id": 21,
      "productName": "Sir Rodney's Scones",
      "supplierID": 8,
      "categoryID": 3,
      "quantityPerUnit": "24 pkgs. x 4 pieces",
      "unitPrice": 10,
      "unitsInStock": 3,
      "unitsOnOrder": 40,
      "reorderLevel": 5,
      "discontinued": false,
      "category": {
        "categoryID": 3,
        "categoryName": "Confections",
        "description": "Desserts, candies, and sweet breads"
      },
      "orderDetails": null,
      "supplier": {
        "supplierID": 8,
        "companyName": "Specialty Biscuits, Ltd.",
        "contactName": "Peter Wilson",
        "contactTitle": "Sales Representative",
        "address": "29 King's Way",
        "city": "Manchester",
        "region": null,
        "postalCode": "M14 GSD",
        "country": "UK",
        "phone": "(161) 555-4448",
        "fax": null,
        "homePage": null
      }
    },
    {
      "id": 22,
      "productName": "Gustaf's Knäckebröd",
      "supplierID": 9,
      "categoryID": 5,
      "quantityPerUnit": "24 - 500 g pkgs.",
      "unitPrice": 21,
      "unitsInStock": 104,
      "unitsOnOrder": 0,
      "reorderLevel": 25,
      "discontinued": false,
      "category": {
        "categoryID": 5,
        "categoryName": "Grains/Cereals",
        "description": "Breads, crackers, pasta, and cereal"
      },
      "orderDetails": null,
      "supplier": {
        "supplierID": 9,
        "companyName": "PB Knäckebröd AB",
        "contactName": "Lars Peterson",
        "contactTitle": "Sales Agent",
        "address": "Kaloadagatan 13",
        "city": "Göteborg",
        "region": null,
        "postalCode": "S-345 67",
        "country": "Sweden",
        "phone": "031-987 65 43",
        "fax": "031-987 65 91",
        "homePage": null
      }
    },
    {
      "id": 23,
      "productName": "Tunnbröd",
      "supplierID": 9,
      "categoryID": 5,
      "quantityPerUnit": "12 - 250 g pkgs.",
      "unitPrice": 9,
      "unitsInStock": 61,
      "unitsOnOrder": 0,
      "reorderLevel": 25,
      "discontinued": false,
      "category": {
        "categoryID": 5,
        "categoryName": "Grains/Cereals",
        "description": "Breads, crackers, pasta, and cereal"
      },
      "orderDetails": null,
      "supplier": {
        "supplierID": 9,
        "companyName": "PB Knäckebröd AB",
        "contactName": "Lars Peterson",
        "contactTitle": "Sales Agent",
        "address": "Kaloadagatan 13",
        "city": "Göteborg",
        "region": null,
        "postalCode": "S-345 67",
        "country": "Sweden",
        "phone": "031-987 65 43",
        "fax": "031-987 65 91",
        "homePage": null
      }
    },
    {
      "id": 24,
      "productName": "Guaraná Fantástica",
      "supplierID": 10,
      "categoryID": 1,
      "quantityPerUnit": "12 - 355 ml cans",
      "unitPrice": 4.5,
      "unitsInStock": 20,
      "unitsOnOrder": 0,
      "reorderLevel": 0,
      "discontinued": true,
      "category": {
        "categoryID": 1,
        "categoryName": "Beverages",
        "description": "Soft drinks, coffees, teas, beers, and ales"
      },
      "orderDetails": null,
      "supplier": {
        "supplierID": 10,
        "companyName": "Refrescos Americanas LTDA",
        "contactName": "Carlos Diaz",
        "contactTitle": "Marketing Manager",
        "address": "Av. das Americanas 12.890",
        "city": "Sao Paulo",
        "region": null,
        "postalCode": "5442",
        "country": "Brazil",
        "phone": "(11) 555 4640",
        "fax": null,
        "homePage": null
      }
    },
    {
      "id": 25,
      "productName": "NuNuCa Nuß-Nougat-Creme",
      "supplierID": 11,
      "categoryID": 3,
      "quantityPerUnit": "20 - 450 g glasses",
      "unitPrice": 14,
      "unitsInStock": 76,
      "unitsOnOrder": 0,
      "reorderLevel": 30,
      "discontinued": false,
      "category": {
        "categoryID": 3,
        "categoryName": "Confections",
        "description": "Desserts, candies, and sweet breads"
      },
      "orderDetails": null,
      "supplier": {
        "supplierID": 11,
        "companyName": "Heli Süßwaren GmbH & Co. KG",
        "contactName": "Petra Winkler",
        "contactTitle": "Sales Manager",
        "address": "Tiergartenstraße 5",
        "city": "Berlin",
        "region": null,
        "postalCode": "10785",
        "country": "Germany",
        "phone": "(010) 9984510",
        "fax": null,
        "homePage": null
      }
    },
    {
      "id": 26,
      "productName": "Gumbär Gummibärchen",
      "supplierID": 11,
      "categoryID": 3,
      "quantityPerUnit": "100 - 250 g bags",
      "unitPrice": 31.23,
      "unitsInStock": 15,
      "unitsOnOrder": 0,
      "reorderLevel": 0,
      "discontinued": false,
      "category": {
        "categoryID": 3,
        "categoryName": "Confections",
        "description": "Desserts, candies, and sweet breads"
      },
      "orderDetails": null,
      "supplier": {
        "supplierID": 11,
        "companyName": "Heli Süßwaren GmbH & Co. KG",
        "contactName": "Petra Winkler",
        "contactTitle": "Sales Manager",
        "address": "Tiergartenstraße 5",
        "city": "Berlin",
        "region": null,
        "postalCode": "10785",
        "country": "Germany",
        "phone": "(010) 9984510",
        "fax": null,
        "homePage": null
      }
    },
    {
      "id": 27,
      "productName": "Schoggi Schokolade",
      "supplierID": 11,
      "categoryID": 3,
      "quantityPerUnit": "100 - 100 g pieces",
      "unitPrice": 43.9,
      "unitsInStock": 49,
      "unitsOnOrder": 0,
      "reorderLevel": 30,
      "discontinued": false,
      "category": {
        "categoryID": 3,
        "categoryName": "Confections",
        "description": "Desserts, candies, and sweet breads"
      },
      "orderDetails": null,
      "supplier": {
        "supplierID": 11,
        "companyName": "Heli Süßwaren GmbH & Co. KG",
        "contactName": "Petra Winkler",
        "contactTitle": "Sales Manager",
        "address": "Tiergartenstraße 5",
        "city": "Berlin",
        "region": null,
        "postalCode": "10785",
        "country": "Germany",
        "phone": "(010) 9984510",
        "fax": null,
        "homePage": null
      }
    },
    {
      "id": 28,
      "productName": "Rössle Sauerkraut",
      "supplierID": 12,
      "categoryID": 7,
      "quantityPerUnit": "25 - 825 g cans",
      "unitPrice": 45.6,
      "unitsInStock": 26,
      "unitsOnOrder": 0,
      "reorderLevel": 0,
      "discontinued": true,
      "category": {
        "categoryID": 7,
        "categoryName": "Produce",
        "description": "Dried fruit and bean curd"
      },
      "orderDetails": null,
      "supplier": {
        "supplierID": 12,
        "companyName": "Plutzer Lebensmittelgroßmärkte AG",
        "contactName": "Martin Bein",
        "contactTitle": "International Marketing Mgr.",
        "address": "Bogenallee 51",
        "city": "Frankfurt",
        "region": null,
        "postalCode": "60439",
        "country": "Germany",
        "phone": "(069) 992755",
        "fax": null,
        "homePage": "Plutzer (on the World Wide Web)#http://www.microsoft.com/accessdev/sampleapps/plutzer.htm#"
      }
    },
    {
      "id": 29,
      "productName": "Thüringer Rostbratwurst",
      "supplierID": 12,
      "categoryID": 6,
      "quantityPerUnit": "50 bags x 30 sausgs.",
      "unitPrice": 123.79,
      "unitsInStock": 0,
      "unitsOnOrder": 0,
      "reorderLevel": 0,
      "discontinued": true,
      "category": {
        "categoryID": 6,
        "categoryName": "Meat/Poultry",
        "description": "Prepared meats"
      },
      "orderDetails": null,
      "supplier": {
        "supplierID": 12,
        "companyName": "Plutzer Lebensmittelgroßmärkte AG",
        "contactName": "Martin Bein",
        "contactTitle": "International Marketing Mgr.",
        "address": "Bogenallee 51",
        "city": "Frankfurt",
        "region": null,
        "postalCode": "60439",
        "country": "Germany",
        "phone": "(069) 992755",
        "fax": null,
        "homePage": "Plutzer (on the World Wide Web)#http://www.microsoft.com/accessdev/sampleapps/plutzer.htm#"
      }
    },
    {
      "id": 30,
      "productName": "Nord-Ost Matjeshering",
      "supplierID": 13,
      "categoryID": 8,
      "quantityPerUnit": "10 - 200 g glasses",
      "unitPrice": 25.89,
      "unitsInStock": 10,
      "unitsOnOrder": 0,
      "reorderLevel": 15,
      "discontinued": false,
      "category": {
        "categoryID": 8,
        "categoryName": "Seafood",
        "description": "Seaweed and fish"
      },
      "orderDetails": null,
      "supplier": {
        "supplierID": 13,
        "companyName": "Nord-Ost-Fisch Handelsgesellschaft mbH",
        "contactName": "Sven Petersen",
        "contactTitle": "Coordinator Foreign Markets",
        "address": "Frahmredder 112a",
        "city": "Cuxhaven",
        "region": null,
        "postalCode": "27478",
        "country": "Germany",
        "phone": "(04721) 8713",
        "fax": "(04721) 8714",
        "homePage": null
      }
    },
    {
      "id": 31,
      "productName": "Gorgonzola Telino",
      "supplierID": 14,
      "categoryID": 4,
      "quantityPerUnit": "12 - 100 g pkgs",
      "unitPrice": 12.5,
      "unitsInStock": 0,
      "unitsOnOrder": 70,
      "reorderLevel": 20,
      "discontinued": false,
      "category": {
        "categoryID": 4,
        "categoryName": "Dairy Products",
        "description": "Cheeses"
      },
      "orderDetails": null,
      "supplier": {
        "supplierID": 14,
        "companyName": "Formaggi Fortini s.r.l.",
        "contactName": "Elio Rossi",
        "contactTitle": "Sales Representative",
        "address": "Viale Dante, 75",
        "city": "Ravenna",
        "region": null,
        "postalCode": "48100",
        "country": "Italy",
        "phone": "(0544) 60323",
        "fax": "(0544) 60603",
        "homePage": "#FORMAGGI.HTM#"
      }
    },
    {
      "id": 32,
      "productName": "Mascarpone Fabioli",
      "supplierID": 14,
      "categoryID": 4,
      "quantityPerUnit": "24 - 200 g pkgs.",
      "unitPrice": 32,
      "unitsInStock": 9,
      "unitsOnOrder": 40,
      "reorderLevel": 25,
      "discontinued": false,
      "category": {
        "categoryID": 4,
        "categoryName": "Dairy Products",
        "description": "Cheeses"
      },
      "orderDetails": null,
      "supplier": {
        "supplierID": 14,
        "companyName": "Formaggi Fortini s.r.l.",
        "contactName": "Elio Rossi",
        "contactTitle": "Sales Representative",
        "address": "Viale Dante, 75",
        "city": "Ravenna",
        "region": null,
        "postalCode": "48100",
        "country": "Italy",
        "phone": "(0544) 60323",
        "fax": "(0544) 60603",
        "homePage": "#FORMAGGI.HTM#"
      }
    },
    {
      "id": 33,
      "productName": "Geitost",
      "supplierID": 15,
      "categoryID": 4,
      "quantityPerUnit": "500 g",
      "unitPrice": 2.5,
      "unitsInStock": 112,
      "unitsOnOrder": 0,
      "reorderLevel": 20,
      "discontinued": false,
      "category": {
        "categoryID": 4,
        "categoryName": "Dairy Products",
        "description": "Cheeses"
      },
      "orderDetails": null,
      "supplier": {
        "supplierID": 15,
        "companyName": "Norske Meierier",
        "contactName": "Beate Vileid",
        "contactTitle": "Marketing Manager",
        "address": "Hatlevegen 5",
        "city": "Sandvika",
        "region": null,
        "postalCode": "1320",
        "country": "Norway",
        "phone": "(0)2-953010",
        "fax": null,
        "homePage": null
      }
    },
    {
      "id": 35,
      "productName": "Steeleye Stout",
      "supplierID": 16,
      "categoryID": 1,
      "quantityPerUnit": "24 - 12 oz bottles",
      "unitPrice": 18,
      "unitsInStock": 20,
      "unitsOnOrder": 0,
      "reorderLevel": 15,
      "discontinued": false,
      "category": {
        "categoryID": 1,
        "categoryName": "Beverages",
        "description": "Soft drinks, coffees, teas, beers, and ales"
      },
      "orderDetails": null,
      "supplier": {
        "supplierID": 16,
        "companyName": "Bigfoot Breweries",
        "contactName": "Cheryl Saylor",
        "contactTitle": "Regional Account Rep.",
        "address": "3400 - 8th Avenue Suite 210",
        "city": "Bend",
        "region": "OR",
        "postalCode": "97101",
        "country": "USA",
        "phone": "(503) 555-9931",
        "fax": null,
        "homePage": null
      }
    },
    {
      "id": 36,
      "productName": "Inlagd Sill",
      "supplierID": 17,
      "categoryID": 8,
      "quantityPerUnit": "24 - 250 g  jars",
      "unitPrice": 19,
      "unitsInStock": 112,
      "unitsOnOrder": 0,
      "reorderLevel": 20,
      "discontinued": false,
      "category": {
        "categoryID": 8,
        "categoryName": "Seafood",
        "description": "Seaweed and fish"
      },
      "orderDetails": null,
      "supplier": {
        "supplierID": 17,
        "companyName": "Svensk Sjöföda AB",
        "contactName": "Michael Björn",
        "contactTitle": "Sales Representative",
        "address": "Brovallavägen 231",
        "city": "Stockholm",
        "region": null,
        "postalCode": "S-123 45",
        "country": "Sweden",
        "phone": "08-123 45 67",
        "fax": null,
        "homePage": null
      }
    },
    {
      "id": 37,
      "productName": "Gravad lax",
      "supplierID": 17,
      "categoryID": 8,
      "quantityPerUnit": "12 - 500 g pkgs.",
      "unitPrice": 26,
      "unitsInStock": 11,
      "unitsOnOrder": 50,
      "reorderLevel": 25,
      "discontinued": false,
      "category": {
        "categoryID": 8,
        "categoryName": "Seafood",
        "description": "Seaweed and fish"
      },
      "orderDetails": null,
      "supplier": {
        "supplierID": 17,
        "companyName": "Svensk Sjöföda AB",
        "contactName": "Michael Björn",
        "contactTitle": "Sales Representative",
        "address": "Brovallavägen 231",
        "city": "Stockholm",
        "region": null,
        "postalCode": "S-123 45",
        "country": "Sweden",
        "phone": "08-123 45 67",
        "fax": null,
        "homePage": null
      }
    },
    {
      "id": 38,
      "productName": "Côte de Blaye",
      "supplierID": 18,
      "categoryID": 1,
      "quantityPerUnit": "12 - 75 cl bottles",
      "unitPrice": 263.5,
      "unitsInStock": 17,
      "unitsOnOrder": 0,
      "reorderLevel": 15,
      "discontinued": false,
      "category": {
        "categoryID": 1,
        "categoryName": "Beverages",
        "description": "Soft drinks, coffees, teas, beers, and ales"
      },
      "orderDetails": null,
      "supplier": {
        "supplierID": 18,
        "companyName": "Aux joyeux ecclésiastiques",
        "contactName": "Guylène Nodier",
        "contactTitle": "Sales Manager",
        "address": "203, Rue des Francs-Bourgeois",
        "city": "Paris",
        "region": null,
        "postalCode": "75004",
        "country": "France",
        "phone": "(1) 03.83.00.68",
        "fax": "(1) 03.83.00.62",
        "homePage": null
      }
    },
    {
      "id": 39,
      "productName": "Chartreuse verte",
      "supplierID": 18,
      "categoryID": 1,
      "quantityPerUnit": "750 cc per bottle",
      "unitPrice": 18,
      "unitsInStock": 69,
      "unitsOnOrder": 0,
      "reorderLevel": 5,
      "discontinued": false,
      "category": {
        "categoryID": 1,
        "categoryName": "Beverages",
        "description": "Soft drinks, coffees, teas, beers, and ales"
      },
      "orderDetails": null,
      "supplier": {
        "supplierID": 18,
        "companyName": "Aux joyeux ecclésiastiques",
        "contactName": "Guylène Nodier",
        "contactTitle": "Sales Manager",
        "address": "203, Rue des Francs-Bourgeois",
        "city": "Paris",
        "region": null,
        "postalCode": "75004",
        "country": "France",
        "phone": "(1) 03.83.00.68",
        "fax": "(1) 03.83.00.62",
        "homePage": null
      }
    },
    {
      "id": 40,
      "productName": "Boston Crab Meat",
      "supplierID": 19,
      "categoryID": 8,
      "quantityPerUnit": "24 - 4 oz tins",
      "unitPrice": 18.4,
      "unitsInStock": 123,
      "unitsOnOrder": 0,
      "reorderLevel": 30,
      "discontinued": false,
      "category": {
        "categoryID": 8,
        "categoryName": "Seafood",
        "description": "Seaweed and fish"
      },
      "orderDetails": null,
      "supplier": {
        "supplierID": 19,
        "companyName": "New England Seafood Cannery",
        "contactName": "Robb Merchant",
        "contactTitle": "Wholesale Account Agent",
        "address": "Order Processing Dept. 2100 Paul Revere Blvd.",
        "city": "Boston",
        "region": "MA",
        "postalCode": "02134",
        "country": "USA",
        "phone": "(617) 555-3267",
        "fax": "(617) 555-3389",
        "homePage": null
      }
    },
    {
      "id": 41,
      "productName": "Jack's New England Clam Chowder",
      "supplierID": 19,
      "categoryID": 8,
      "quantityPerUnit": "12 - 12 oz cans",
      "unitPrice": 9.65,
      "unitsInStock": 85,
      "unitsOnOrder": 0,
      "reorderLevel": 10,
      "discontinued": false,
      "category": {
        "categoryID": 8,
        "categoryName": "Seafood",
        "description": "Seaweed and fish"
      },
      "orderDetails": null,
      "supplier": {
        "supplierID": 19,
        "companyName": "New England Seafood Cannery",
        "contactName": "Robb Merchant",
        "contactTitle": "Wholesale Account Agent",
        "address": "Order Processing Dept. 2100 Paul Revere Blvd.",
        "city": "Boston",
        "region": "MA",
        "postalCode": "02134",
        "country": "USA",
        "phone": "(617) 555-3267",
        "fax": "(617) 555-3389",
        "homePage": null
      }
    },
    {
      "id": 42,
      "productName": "Singaporean Hokkien Fried Mee",
      "supplierID": 20,
      "categoryID": 5,
      "quantityPerUnit": "32 - 1 kg pkgs.",
      "unitPrice": 14,
      "unitsInStock": 26,
      "unitsOnOrder": 0,
      "reorderLevel": 0,
      "discontinued": true,
      "category": {
        "categoryID": 5,
        "categoryName": "Grains/Cereals",
        "description": "Breads, crackers, pasta, and cereal"
      },
      "orderDetails": null,
      "supplier": {
        "supplierID": 20,
        "companyName": "Leka Trading",
        "contactName": "Chandra Leka",
        "contactTitle": "Owner",
        "address": "471 Serangoon Loop, Suite #402",
        "city": "Singapore",
        "region": null,
        "postalCode": "0512",
        "country": "Singapore",
        "phone": "555-8787",
        "fax": null,
        "homePage": null
      }
    },
    {
      "id": 43,
      "productName": "Ipoh Coffee",
      "supplierID": 20,
      "categoryID": 1,
      "quantityPerUnit": "16 - 500 g tins",
      "unitPrice": 46,
      "unitsInStock": 17,
      "unitsOnOrder": 10,
      "reorderLevel": 25,
      "discontinued": false,
      "category": {
        "categoryID": 1,
        "categoryName": "Beverages",
        "description": "Soft drinks, coffees, teas, beers, and ales"
      },
      "orderDetails": null,
      "supplier": {
        "supplierID": 20,
        "companyName": "Leka Trading",
        "contactName": "Chandra Leka",
        "contactTitle": "Owner",
        "address": "471 Serangoon Loop, Suite #402",
        "city": "Singapore",
        "region": null,
        "postalCode": "0512",
        "country": "Singapore",
        "phone": "555-8787",
        "fax": null,
        "homePage": null
      }
    },
    {
      "id": 44,
      "productName": "Gula Malacca",
      "supplierID": 20,
      "categoryID": 2,
      "quantityPerUnit": "20 - 2 kg bags",
      "unitPrice": 19.45,
      "unitsInStock": 27,
      "unitsOnOrder": 0,
      "reorderLevel": 15,
      "discontinued": false,
      "category": {
        "categoryID": 2,
        "categoryName": "Condiments",
        "description": "Sweet and savory sauces, relishes, spreads, and seasonings"
      },
      "orderDetails": null,
      "supplier": {
        "supplierID": 20,
        "companyName": "Leka Trading",
        "contactName": "Chandra Leka",
        "contactTitle": "Owner",
        "address": "471 Serangoon Loop, Suite #402",
        "city": "Singapore",
        "region": null,
        "postalCode": "0512",
        "country": "Singapore",
        "phone": "555-8787",
        "fax": null,
        "homePage": null
      }
    },
    {
      "id": 45,
      "productName": "Rogede sild",
      "supplierID": 21,
      "categoryID": 8,
      "quantityPerUnit": "1k pkg.",
      "unitPrice": 9.5,
      "unitsInStock": 5,
      "unitsOnOrder": 70,
      "reorderLevel": 15,
      "discontinued": false,
      "category": {
        "categoryID": 8,
        "categoryName": "Seafood",
        "description": "Seaweed and fish"
      },
      "orderDetails": null,
      "supplier": {
        "supplierID": 21,
        "companyName": "Lyngbysild",
        "contactName": "Niels Petersen",
        "contactTitle": "Sales Manager",
        "address": "Lyngbysild Fiskebakken 10",
        "city": "Lyngby",
        "region": null,
        "postalCode": "2800",
        "country": "Denmark",
        "phone": "43844108",
        "fax": "43844115",
        "homePage": null
      }
    },
    {
      "id": 46,
      "productName": "Spegesild",
      "supplierID": 21,
      "categoryID": 8,
      "quantityPerUnit": "4 - 450 g glasses",
      "unitPrice": 12,
      "unitsInStock": 95,
      "unitsOnOrder": 0,
      "reorderLevel": 0,
      "discontinued": false,
      "category": {
        "categoryID": 8,
        "categoryName": "Seafood",
        "description": "Seaweed and fish"
      },
      "orderDetails": null,
      "supplier": {
        "supplierID": 21,
        "companyName": "Lyngbysild",
        "contactName": "Niels Petersen",
        "contactTitle": "Sales Manager",
        "address": "Lyngbysild Fiskebakken 10",
        "city": "Lyngby",
        "region": null,
        "postalCode": "2800",
        "country": "Denmark",
        "phone": "43844108",
        "fax": "43844115",
        "homePage": null
      }
    },
    {
      "id": 47,
      "productName": "Zaanse koeken",
      "supplierID": 22,
      "categoryID": 3,
      "quantityPerUnit": "10 - 4 oz boxes",
      "unitPrice": 9.5,
      "unitsInStock": 36,
      "unitsOnOrder": 0,
      "reorderLevel": 0,
      "discontinued": false,
      "category": {
        "categoryID": 3,
        "categoryName": "Confections",
        "description": "Desserts, candies, and sweet breads"
      },
      "orderDetails": null,
      "supplier": {
        "supplierID": 22,
        "companyName": "Zaanse Snoepfabriek",
        "contactName": "Dirk Luchte",
        "contactTitle": "Accounting Manager",
        "address": "Verkoop Rijnweg 22",
        "city": "Zaandam",
        "region": null,
        "postalCode": "9999 ZZ",
        "country": "Netherlands",
        "phone": "(12345) 1212",
        "fax": "(12345) 1210",
        "homePage": null
      }
    },
    {
      "id": 48,
      "productName": "Chocolade",
      "supplierID": 22,
      "categoryID": 3,
      "quantityPerUnit": "10 pkgs.",
      "unitPrice": 12.75,
      "unitsInStock": 15,
      "unitsOnOrder": 70,
      "reorderLevel": 25,
      "discontinued": false,
      "category": {
        "categoryID": 3,
        "categoryName": "Confections",
        "description": "Desserts, candies, and sweet breads"
      },
      "orderDetails": null,
      "supplier": {
        "supplierID": 22,
        "companyName": "Zaanse Snoepfabriek",
        "contactName": "Dirk Luchte",
        "contactTitle": "Accounting Manager",
        "address": "Verkoop Rijnweg 22",
        "city": "Zaandam",
        "region": null,
        "postalCode": "9999 ZZ",
        "country": "Netherlands",
        "phone": "(12345) 1212",
        "fax": "(12345) 1210",
        "homePage": null
      }
    },
    {
      "id": 49,
      "productName": "Maxilaku",
      "supplierID": 23,
      "categoryID": 3,
      "quantityPerUnit": "24 - 50 g pkgs.",
      "unitPrice": 20,
      "unitsInStock": 10,
      "unitsOnOrder": 60,
      "reorderLevel": 15,
      "discontinued": false,
      "category": {
        "categoryID": 3,
        "categoryName": "Confections",
        "description": "Desserts, candies, and sweet breads"
      },
      "orderDetails": null,
      "supplier": {
        "supplierID": 23,
        "companyName": "Karkki Oy",
        "contactName": "Anne Heikkonen",
        "contactTitle": "Product Manager",
        "address": "Valtakatu 12",
        "city": "Lappeenranta",
        "region": null,
        "postalCode": "53120",
        "country": "Finland",
        "phone": "(953) 10956",
        "fax": null,
        "homePage": null
      }
    },
    {
      "id": 50,
      "productName": "Valkoinen suklaa",
      "supplierID": 23,
      "categoryID": 3,
      "quantityPerUnit": "12 - 100 g bars",
      "unitPrice": 16.25,
      "unitsInStock": 65,
      "unitsOnOrder": 0,
      "reorderLevel": 30,
      "discontinued": false,
      "category": {
        "categoryID": 3,
        "categoryName": "Confections",
        "description": "Desserts, candies, and sweet breads"
      },
      "orderDetails": null,
      "supplier": {
        "supplierID": 23,
        "companyName": "Karkki Oy",
        "contactName": "Anne Heikkonen",
        "contactTitle": "Product Manager",
        "address": "Valtakatu 12",
        "city": "Lappeenranta",
        "region": null,
        "postalCode": "53120",
        "country": "Finland",
        "phone": "(953) 10956",
        "fax": null,
        "homePage": null
      }
    },
    {
      "id": 51,
      "productName": "Manjimup Dried Apples",
      "supplierID": 24,
      "categoryID": 7,
      "quantityPerUnit": "50 - 300 g pkgs.",
      "unitPrice": 53,
      "unitsInStock": 20,
      "unitsOnOrder": 0,
      "reorderLevel": 10,
      "discontinued": false,
      "category": {
        "categoryID": 7,
        "categoryName": "Produce",
        "description": "Dried fruit and bean curd"
      },
      "orderDetails": null,
      "supplier": {
        "supplierID": 24,
        "companyName": "G'day, Mate",
        "contactName": "Wendy Mackenzie",
        "contactTitle": "Sales Representative",
        "address": "170 Prince Edward Parade Hunter's Hill",
        "city": "Sydney",
        "region": "NSW",
        "postalCode": "2042",
        "country": "Australia",
        "phone": "(02) 555-5914",
        "fax": "(02) 555-4873",
        "homePage": "G'day Mate (on the World Wide Web)#http://www.microsoft.com/accessdev/sampleapps/gdaymate.htm#"
      }
    },
    {
      "id": 52,
      "productName": "Filo Mix",
      "supplierID": 24,
      "categoryID": 5,
      "quantityPerUnit": "16 - 2 kg boxes",
      "unitPrice": 7,
      "unitsInStock": 38,
      "unitsOnOrder": 0,
      "reorderLevel": 25,
      "discontinued": false,
      "category": {
        "categoryID": 5,
        "categoryName": "Grains/Cereals",
        "description": "Breads, crackers, pasta, and cereal"
      },
      "orderDetails": null,
      "supplier": {
        "supplierID": 24,
        "companyName": "G'day, Mate",
        "contactName": "Wendy Mackenzie",
        "contactTitle": "Sales Representative",
        "address": "170 Prince Edward Parade Hunter's Hill",
        "city": "Sydney",
        "region": "NSW",
        "postalCode": "2042",
        "country": "Australia",
        "phone": "(02) 555-5914",
        "fax": "(02) 555-4873",
        "homePage": "G'day Mate (on the World Wide Web)#http://www.microsoft.com/accessdev/sampleapps/gdaymate.htm#"
      }
    },
    {
      "id": 53,
      "productName": "Perth Pasties",
      "supplierID": 24,
      "categoryID": 6,
      "quantityPerUnit": "48 pieces",
      "unitPrice": 32.8,
      "unitsInStock": 0,
      "unitsOnOrder": 0,
      "reorderLevel": 0,
      "discontinued": true,
      "category": {
        "categoryID": 6,
        "categoryName": "Meat/Poultry",
        "description": "Prepared meats"
      },
      "orderDetails": null,
      "supplier": {
        "supplierID": 24,
        "companyName": "G'day, Mate",
        "contactName": "Wendy Mackenzie",
        "contactTitle": "Sales Representative",
        "address": "170 Prince Edward Parade Hunter's Hill",
        "city": "Sydney",
        "region": "NSW",
        "postalCode": "2042",
        "country": "Australia",
        "phone": "(02) 555-5914",
        "fax": "(02) 555-4873",
        "homePage": "G'day Mate (on the World Wide Web)#http://www.microsoft.com/accessdev/sampleapps/gdaymate.htm#"
      }
    },
    {
      "id": 54,
      "productName": "Tourtière",
      "supplierID": 25,
      "categoryID": 6,
      "quantityPerUnit": "16 pies",
      "unitPrice": 7.45,
      "unitsInStock": 21,
      "unitsOnOrder": 0,
      "reorderLevel": 10,
      "discontinued": false,
      "category": {
        "categoryID": 6,
        "categoryName": "Meat/Poultry",
        "description": "Prepared meats"
      },
      "orderDetails": null,
      "supplier": {
        "supplierID": 25,
        "companyName": "Ma Maison",
        "contactName": "Jean-Guy Lauzon",
        "contactTitle": "Marketing Manager",
        "address": "2960 Rue St. Laurent",
        "city": "Montréal",
        "region": "Québec",
        "postalCode": "H1J 1C3",
        "country": "Canada",
        "phone": "(514) 555-9022",
        "fax": null,
        "homePage": null
      }
    },
    {
      "id": 55,
      "productName": "Pâté chinois",
      "supplierID": 25,
      "categoryID": 6,
      "quantityPerUnit": "24 boxes x 2 pies",
      "unitPrice": 24,
      "unitsInStock": 115,
      "unitsOnOrder": 0,
      "reorderLevel": 20,
      "discontinued": false,
      "category": {
        "categoryID": 6,
        "categoryName": "Meat/Poultry",
        "description": "Prepared meats"
      },
      "orderDetails": null,
      "supplier": {
        "supplierID": 25,
        "companyName": "Ma Maison",
        "contactName": "Jean-Guy Lauzon",
        "contactTitle": "Marketing Manager",
        "address": "2960 Rue St. Laurent",
        "city": "Montréal",
        "region": "Québec",
        "postalCode": "H1J 1C3",
        "country": "Canada",
        "phone": "(514) 555-9022",
        "fax": null,
        "homePage": null
      }
    },
    {
      "id": 56,
      "productName": "Gnocchi di nonna Alice",
      "supplierID": 26,
      "categoryID": 5,
      "quantityPerUnit": "24 - 250 g pkgs.",
      "unitPrice": 38,
      "unitsInStock": 21,
      "unitsOnOrder": 10,
      "reorderLevel": 30,
      "discontinued": false,
      "category": {
        "categoryID": 5,
        "categoryName": "Grains/Cereals",
        "description": "Breads, crackers, pasta, and cereal"
      },
      "orderDetails": null,
      "supplier": {
        "supplierID": 26,
        "companyName": "Pasta Buttini s.r.l.",
        "contactName": "Giovanni Giudici",
        "contactTitle": "Order Administrator",
        "address": "Via dei Gelsomini, 153",
        "city": "Salerno",
        "region": null,
        "postalCode": "84100",
        "country": "Italy",
        "phone": "(089) 6547665",
        "fax": "(089) 6547667",
        "homePage": null
      }
    },
    {
      "id": 57,
      "productName": "Ravioli Angelo",
      "supplierID": 26,
      "categoryID": 5,
      "quantityPerUnit": "24 - 250 g pkgs.",
      "unitPrice": 19.5,
      "unitsInStock": 36,
      "unitsOnOrder": 0,
      "reorderLevel": 20,
      "discontinued": false,
      "category": {
        "categoryID": 5,
        "categoryName": "Grains/Cereals",
        "description": "Breads, crackers, pasta, and cereal"
      },
      "orderDetails": null,
      "supplier": {
        "supplierID": 26,
        "companyName": "Pasta Buttini s.r.l.",
        "contactName": "Giovanni Giudici",
        "contactTitle": "Order Administrator",
        "address": "Via dei Gelsomini, 153",
        "city": "Salerno",
        "region": null,
        "postalCode": "84100",
        "country": "Italy",
        "phone": "(089) 6547665",
        "fax": "(089) 6547667",
        "homePage": null
      }
    },
    {
      "id": 58,
      "productName": "Escargots de Bourgogne",
      "supplierID": 27,
      "categoryID": 8,
      "quantityPerUnit": "24 pieces",
      "unitPrice": 13.25,
      "unitsInStock": 62,
      "unitsOnOrder": 0,
      "reorderLevel": 20,
      "discontinued": false,
      "category": {
        "categoryID": 8,
        "categoryName": "Seafood",
        "description": "Seaweed and fish"
      },
      "orderDetails": null,
      "supplier": {
        "supplierID": 27,
        "companyName": "Escargots Nouveaux",
        "contactName": "Marie Delamare",
        "contactTitle": "Sales Manager",
        "address": "22, rue H. Voiron",
        "city": "Montceau",
        "region": null,
        "postalCode": "71300",
        "country": "France",
        "phone": "85.57.00.07",
        "fax": null,
        "homePage": null
      }
    },
    {
      "id": 59,
      "productName": "Raclette Courdavault",
      "supplierID": 28,
      "categoryID": 4,
      "quantityPerUnit": "5 kg pkg.",
      "unitPrice": 55,
      "unitsInStock": 79,
      "unitsOnOrder": 0,
      "reorderLevel": 0,
      "discontinued": false,
      "category": {
        "categoryID": 4,
        "categoryName": "Dairy Products",
        "description": "Cheeses"
      },
      "orderDetails": null,
      "supplier": {
        "supplierID": 28,
        "companyName": "Gai pâturage",
        "contactName": "Eliane Noz",
        "contactTitle": "Sales Representative",
        "address": "Bat. B 3, rue des Alpes",
        "city": "Annecy",
        "region": null,
        "postalCode": "74000",
        "country": "France",
        "phone": "38.76.98.06",
        "fax": "38.76.98.58",
        "homePage": null
      }
    },
    {
      "id": 60,
      "productName": "Camembert Pierrot",
      "supplierID": 28,
      "categoryID": 4,
      "quantityPerUnit": "15 - 300 g rounds",
      "unitPrice": 34,
      "unitsInStock": 19,
      "unitsOnOrder": 0,
      "reorderLevel": 0,
      "discontinued": false,
      "category": {
        "categoryID": 4,
        "categoryName": "Dairy Products",
        "description": "Cheeses"
      },
      "orderDetails": null,
      "supplier": {
        "supplierID": 28,
        "companyName": "Gai pâturage",
        "contactName": "Eliane Noz",
        "contactTitle": "Sales Representative",
        "address": "Bat. B 3, rue des Alpes",
        "city": "Annecy",
        "region": null,
        "postalCode": "74000",
        "country": "France",
        "phone": "38.76.98.06",
        "fax": "38.76.98.58",
        "homePage": null
      }
    },
    {
      "id": 61,
      "productName": "Sirop d'érable",
      "supplierID": 29,
      "categoryID": 2,
      "quantityPerUnit": "24 - 500 ml bottles",
      "unitPrice": 28.5,
      "unitsInStock": 113,
      "unitsOnOrder": 0,
      "reorderLevel": 25,
      "discontinued": false,
      "category": {
        "categoryID": 2,
        "categoryName": "Condiments",
        "description": "Sweet and savory sauces, relishes, spreads, and seasonings"
      },
      "orderDetails": null,
      "supplier": {
        "supplierID": 29,
        "companyName": "Forêts d'érables",
        "contactName": "Chantal Goulet",
        "contactTitle": "Accounting Manager",
        "address": "148 rue Chasseur",
        "city": "Ste-Hyacinthe",
        "region": "Québec",
        "postalCode": "J2S 7S8",
        "country": "Canada",
        "phone": "(514) 555-2955",
        "fax": "(514) 555-2921",
        "homePage": null
      }
    },
    {
      "id": 62,
      "productName": "Tarte au sucre",
      "supplierID": 29,
      "categoryID": 3,
      "quantityPerUnit": "48 pies",
      "unitPrice": 49.3,
      "unitsInStock": 17,
      "unitsOnOrder": 0,
      "reorderLevel": 0,
      "discontinued": false,
      "category": {
        "categoryID": 3,
        "categoryName": "Confections",
        "description": "Desserts, candies, and sweet breads"
      },
      "orderDetails": null,
      "supplier": {
        "supplierID": 29,
        "companyName": "Forêts d'érables",
        "contactName": "Chantal Goulet",
        "contactTitle": "Accounting Manager",
        "address": "148 rue Chasseur",
        "city": "Ste-Hyacinthe",
        "region": "Québec",
        "postalCode": "J2S 7S8",
        "country": "Canada",
        "phone": "(514) 555-2955",
        "fax": "(514) 555-2921",
        "homePage": null
      }
    },
    {
      "id": 63,
      "productName": "Vegie-spread",
      "supplierID": 7,
      "categoryID": 2,
      "quantityPerUnit": "15 - 625 g jars",
      "unitPrice": 43.9,
      "unitsInStock": 24,
      "unitsOnOrder": 0,
      "reorderLevel": 5,
      "discontinued": false,
      "category": {
        "categoryID": 2,
        "categoryName": "Condiments",
        "description": "Sweet and savory sauces, relishes, spreads, and seasonings"
      },
      "orderDetails": null,
      "supplier": {
        "supplierID": 7,
        "companyName": "Pavlova, Ltd.",
        "contactName": "Ian Devling",
        "contactTitle": "Marketing Manager",
        "address": "74 Rose St. Moonie Ponds",
        "city": "Melbourne",
        "region": "Victoria",
        "postalCode": "3058",
        "country": "Australia",
        "phone": "(03) 444-2343",
        "fax": "(03) 444-6588",
        "homePage": null
      }
    },
    {
      "id": 64,
      "productName": "Wimmers gute Semmelknödel",
      "supplierID": 12,
      "categoryID": 5,
      "quantityPerUnit": "20 bags x 4 pieces",
      "unitPrice": 33.25,
      "unitsInStock": 22,
      "unitsOnOrder": 80,
      "reorderLevel": 30,
      "discontinued": false,
      "category": {
        "categoryID": 5,
        "categoryName": "Grains/Cereals",
        "description": "Breads, crackers, pasta, and cereal"
      },
      "orderDetails": null,
      "supplier": {
        "supplierID": 12,
        "companyName": "Plutzer Lebensmittelgroßmärkte AG",
        "contactName": "Martin Bein",
        "contactTitle": "International Marketing Mgr.",
        "address": "Bogenallee 51",
        "city": "Frankfurt",
        "region": null,
        "postalCode": "60439",
        "country": "Germany",
        "phone": "(069) 992755",
        "fax": null,
        "homePage": "Plutzer (on the World Wide Web)#http://www.microsoft.com/accessdev/sampleapps/plutzer.htm#"
      }
    },
    {
      "id": 65,
      "productName": "Louisiana Fiery Hot Pepper Sauce",
      "supplierID": 2,
      "categoryID": 2,
      "quantityPerUnit": "32 - 8 oz bottles",
      "unitPrice": 21.05,
      "unitsInStock": 76,
      "unitsOnOrder": 0,
      "reorderLevel": 0,
      "discontinued": false,
      "category": {
        "categoryID": 2,
        "categoryName": "Condiments",
        "description": "Sweet and savory sauces, relishes, spreads, and seasonings"
      },
      "orderDetails": null,
      "supplier": {
        "supplierID": 2,
        "companyName": "New Orleans Cajun Delights",
        "contactName": "Shelley Burke",
        "contactTitle": "Order Administrator",
        "address": "P.O. Box 78934",
        "city": "New Orleans",
        "region": "LA",
        "postalCode": "70117",
        "country": "USA",
        "phone": "(100) 555-4822",
        "fax": null,
        "homePage": "#CAJUN.HTM#"
      }
    },
    {
      "id": 66,
      "productName": "Louisiana Hot Spiced Okra",
      "supplierID": 2,
      "categoryID": 2,
      "quantityPerUnit": "24 - 8 oz jars",
      "unitPrice": 17,
      "unitsInStock": 4,
      "unitsOnOrder": 100,
      "reorderLevel": 20,
      "discontinued": false,
      "category": {
        "categoryID": 2,
        "categoryName": "Condiments",
        "description": "Sweet and savory sauces, relishes, spreads, and seasonings"
      },
      "orderDetails": null,
      "supplier": {
        "supplierID": 2,
        "companyName": "New Orleans Cajun Delights",
        "contactName": "Shelley Burke",
        "contactTitle": "Order Administrator",
        "address": "P.O. Box 78934",
        "city": "New Orleans",
        "region": "LA",
        "postalCode": "70117",
        "country": "USA",
        "phone": "(100) 555-4822",
        "fax": null,
        "homePage": "#CAJUN.HTM#"
      }
    },
    {
      "id": 67,
      "productName": "Laughing Lumberjack Lager",
      "supplierID": 16,
      "categoryID": 1,
      "quantityPerUnit": "24 - 12 oz bottles",
      "unitPrice": 14,
      "unitsInStock": 52,
      "unitsOnOrder": 0,
      "reorderLevel": 10,
      "discontinued": false,
      "category": {
        "categoryID": 1,
        "categoryName": "Beverages",
        "description": "Soft drinks, coffees, teas, beers, and ales"
      },
      "orderDetails": null,
      "supplier": {
        "supplierID": 16,
        "companyName": "Bigfoot Breweries",
        "contactName": "Cheryl Saylor",
        "contactTitle": "Regional Account Rep.",
        "address": "3400 - 8th Avenue Suite 210",
        "city": "Bend",
        "region": "OR",
        "postalCode": "97101",
        "country": "USA",
        "phone": "(503) 555-9931",
        "fax": null,
        "homePage": null
      }
    },
    {
      "id": 68,
      "productName": "Scottish Longbreads",
      "supplierID": 8,
      "categoryID": 3,
      "quantityPerUnit": "10 boxes x 8 pieces",
      "unitPrice": 12.5,
      "unitsInStock": 6,
      "unitsOnOrder": 10,
      "reorderLevel": 15,
      "discontinued": false,
      "category": {
        "categoryID": 3,
        "categoryName": "Confections",
        "description": "Desserts, candies, and sweet breads"
      },
      "orderDetails": null,
      "supplier": {
        "supplierID": 8,
        "companyName": "Specialty Biscuits, Ltd.",
        "contactName": "Peter Wilson",
        "contactTitle": "Sales Representative",
        "address": "29 King's Way",
        "city": "Manchester",
        "region": null,
        "postalCode": "M14 GSD",
        "country": "UK",
        "phone": "(161) 555-4448",
        "fax": null,
        "homePage": null
      }
    },
    {
      "id": 69,
      "productName": "Gudbrandsdalsost",
      "supplierID": 15,
      "categoryID": 4,
      "quantityPerUnit": "10 kg pkg.",
      "unitPrice": 36,
      "unitsInStock": 26,
      "unitsOnOrder": 0,
      "reorderLevel": 15,
      "discontinued": false,
      "category": {
        "categoryID": 4,
        "categoryName": "Dairy Products",
        "description": "Cheeses"
      },
      "orderDetails": null,
      "supplier": {
        "supplierID": 15,
        "companyName": "Norske Meierier",
        "contactName": "Beate Vileid",
        "contactTitle": "Marketing Manager",
        "address": "Hatlevegen 5",
        "city": "Sandvika",
        "region": null,
        "postalCode": "1320",
        "country": "Norway",
        "phone": "(0)2-953010",
        "fax": null,
        "homePage": null
      }
    },
    {
      "id": 70,
      "productName": "Outback Lager",
      "supplierID": 7,
      "categoryID": 1,
      "quantityPerUnit": "24 - 355 ml bottles",
      "unitPrice": 15,
      "unitsInStock": 15,
      "unitsOnOrder": 10,
      "reorderLevel": 30,
      "discontinued": false,
      "category": {
        "categoryID": 1,
        "categoryName": "Beverages",
        "description": "Soft drinks, coffees, teas, beers, and ales"
      },
      "orderDetails": null,
      "supplier": {
        "supplierID": 7,
        "companyName": "Pavlova, Ltd.",
        "contactName": "Ian Devling",
        "contactTitle": "Marketing Manager",
        "address": "74 Rose St. Moonie Ponds",
        "city": "Melbourne",
        "region": "Victoria",
        "postalCode": "3058",
        "country": "Australia",
        "phone": "(03) 444-2343",
        "fax": "(03) 444-6588",
        "homePage": null
      }
    },
    {
      "id": 71,
      "productName": "Flotemysost",
      "supplierID": 15,
      "categoryID": 4,
      "quantityPerUnit": "10 - 500 g pkgs.",
      "unitPrice": 21.5,
      "unitsInStock": 26,
      "unitsOnOrder": 0,
      "reorderLevel": 0,
      "discontinued": false,
      "category": {
        "categoryID": 4,
        "categoryName": "Dairy Products",
        "description": "Cheeses"
      },
      "orderDetails": null,
      "supplier": {
        "supplierID": 15,
        "companyName": "Norske Meierier",
        "contactName": "Beate Vileid",
        "contactTitle": "Marketing Manager",
        "address": "Hatlevegen 5",
        "city": "Sandvika",
        "region": null,
        "postalCode": "1320",
        "country": "Norway",
        "phone": "(0)2-953010",
        "fax": null,
        "homePage": null
      }
    },
    {
      "id": 72,
      "productName": "Mozzarella di Giovanni",
      "supplierID": 14,
      "categoryID": 4,
      "quantityPerUnit": "24 - 200 g pkgs.",
      "unitPrice": 34.8,
      "unitsInStock": 14,
      "unitsOnOrder": 0,
      "reorderLevel": 0,
      "discontinued": false,
      "category": {
        "categoryID": 4,
        "categoryName": "Dairy Products",
        "description": "Cheeses"
      },
      "orderDetails": null,
      "supplier": {
        "supplierID": 14,
        "companyName": "Formaggi Fortini s.r.l.",
        "contactName": "Elio Rossi",
        "contactTitle": "Sales Representative",
        "address": "Viale Dante, 75",
        "city": "Ravenna",
        "region": null,
        "postalCode": "48100",
        "country": "Italy",
        "phone": "(0544) 60323",
        "fax": "(0544) 60603",
        "homePage": "#FORMAGGI.HTM#"
      }
    },
    {
      "id": 73,
      "productName": "Röd Kaviar",
      "supplierID": 17,
      "categoryID": 8,
      "quantityPerUnit": "24 - 150 g jars",
      "unitPrice": 15,
      "unitsInStock": 101,
      "unitsOnOrder": 0,
      "reorderLevel": 5,
      "discontinued": false,
      "category": {
        "categoryID": 8,
        "categoryName": "Seafood",
        "description": "Seaweed and fish"
      },
      "orderDetails": null,
      "supplier": {
        "supplierID": 17,
        "companyName": "Svensk Sjöföda AB",
        "contactName": "Michael Björn",
        "contactTitle": "Sales Representative",
        "address": "Brovallavägen 231",
        "city": "Stockholm",
        "region": null,
        "postalCode": "S-123 45",
        "country": "Sweden",
        "phone": "08-123 45 67",
        "fax": null,
        "homePage": null
      }
    },
    {
      "id": 74,
      "productName": "Longlife Tofu",
      "supplierID": 4,
      "categoryID": 7,
      "quantityPerUnit": "5 kg pkg.",
      "unitPrice": 10,
      "unitsInStock": 4,
      "unitsOnOrder": 20,
      "reorderLevel": 5,
      "discontinued": false,
      "category": {
        "categoryID": 7,
        "categoryName": "Produce",
        "description": "Dried fruit and bean curd"
      },
      "orderDetails": null,
      "supplier": {
        "supplierID": 4,
        "companyName": "Tokyo Traders",
        "contactName": "Yoshi Nagase",
        "contactTitle": "Marketing Manager",
        "address": "9-8 Sekimai Musashino-shi",
        "city": "Tokyo",
        "region": null,
        "postalCode": "100",
        "country": "Japan",
        "phone": "(03) 3555-5011",
        "fax": null,
        "homePage": null
      }
    },
    {
      "id": 75,
      "productName": "Rhönbräu Klosterbier",
      "supplierID": 12,
      "categoryID": 1,
      "quantityPerUnit": "24 - 0.5 l bottles",
      "unitPrice": 7.75,
      "unitsInStock": 125,
      "unitsOnOrder": 0,
      "reorderLevel": 25,
      "discontinued": false,
      "category": {
        "categoryID": 1,
        "categoryName": "Beverages",
        "description": "Soft drinks, coffees, teas, beers, and ales"
      },
      "orderDetails": null,
      "supplier": {
        "supplierID": 12,
        "companyName": "Plutzer Lebensmittelgroßmärkte AG",
        "contactName": "Martin Bein",
        "contactTitle": "International Marketing Mgr.",
        "address": "Bogenallee 51",
        "city": "Frankfurt",
        "region": null,
        "postalCode": "60439",
        "country": "Germany",
        "phone": "(069) 992755",
        "fax": null,
        "homePage": "Plutzer (on the World Wide Web)#http://www.microsoft.com/accessdev/sampleapps/plutzer.htm#"
      }
    },
    {
      "id": 76,
      "productName": "Lakkalikööri",
      "supplierID": 23,
      "categoryID": 1,
      "quantityPerUnit": "500 ml",
      "unitPrice": 18,
      "unitsInStock": 57,
      "unitsOnOrder": 0,
      "reorderLevel": 20,
      "discontinued": false,
      "category": {
        "categoryID": 1,
        "categoryName": "Beverages",
        "description": "Soft drinks, coffees, teas, beers, and ales"
      },
      "orderDetails": null,
      "supplier": {
        "supplierID": 23,
        "companyName": "Karkki Oy",
        "contactName": "Anne Heikkonen",
        "contactTitle": "Product Manager",
        "address": "Valtakatu 12",
        "city": "Lappeenranta",
        "region": null,
        "postalCode": "53120",
        "country": "Finland",
        "phone": "(953) 10956",
        "fax": null,
        "homePage": null
      }
    },
    {
      "id": 77,
      "productName": "Original Frankfurter grüne Soße",
      "supplierID": 12,
      "categoryID": 2,
      "quantityPerUnit": "12 boxes",
      "unitPrice": 13,
      "unitsInStock": 32,
      "unitsOnOrder": 0,
      "reorderLevel": 15,
      "discontinued": false,
      "category": {
        "categoryID": 2,
        "categoryName": "Condiments",
        "description": "Sweet and savory sauces, relishes, spreads, and seasonings"
      },
      "orderDetails": null,
      "supplier": {
        "supplierID": 12,
        "companyName": "Plutzer Lebensmittelgroßmärkte AG",
        "contactName": "Martin Bein",
        "contactTitle": "International Marketing Mgr.",
        "address": "Bogenallee 51",
        "city": "Frankfurt",
        "region": null,
        "postalCode": "60439",
        "country": "Germany",
        "phone": "(069) 992755",
        "fax": null,
        "homePage": "Plutzer (on the World Wide Web)#http://www.microsoft.com/accessdev/sampleapps/plutzer.htm#"
      }
    }
  ]
}